StartDate,EndDate,Status,IPAddress,Progress,Duration (in seconds),Finished,RecordedDate,ResponseId,RecipientLastName,RecipientFirstName,RecipientEmail,ExternalReference,LocationLatitude,LocationLongitude,DistributionChannel,UserLanguage,PhotoCriteria,ic_credit,ic_paid,Age,Bio_Sex,Ethnicity,Ethnicity2,Gend_Ident.,RSQ_1a,RSQ_1b,RSQ_2a,RSQ_2b,RSQ_3a,RSQ_3b,RSQ_4a,RSQ_4b,RSQ_5a,RSQ_5b,RSQ_6a,RSQ_6b,RSQ_7a,RSQ_7b,RSQ_8a,RSQ_8b,PerceivedStress_1,PerceivedStress_2,PerceivedStress_3,PerceivedStress_4,PerceivedStress_5,PerceivedStress_6,PerceivedStress_7,PerceivedStress_8,PerceivedStress_9,PerceivedStress_10,attnchk,SCS_1,SCS_2,SCS_3,SCS_4,SCS_5,SCS_6,SCS_7,SCS_8,SCS_9,SCS_10,SCS_11,SCS_12,SCS_13,SCS_14,SCS_15,SCS_16,SCS_17,SCS_18,SCS_19,SCS_20,NTBS_1,attn_chk,NTBS_2,NTBS_3,NTBS_4,NTBS_5,attnchk,NTBS_6,NTBS_7,NTBS_8,NTBS_9,NTBS_10,SRQ_1,SRQ_2,SRQ_3,SRQ_4,SRQ_5,SRQ_6,SRQ_7,SRQ_8,SRQ_9,SRQ_10,SRQ_11,SRQ_12,SRQ_13,SRQ_14,SRQ_15,SRQ_16,SRQ_17,SRQ_18,SRQ_19,SRQ_20,SRQ_21,SRQ_22,SRQ_23,RISQ_1a_1_19,RISQ_1a_1_20,RISQ_1a_1_21,RISQ_1a_1_22,RISQ_1a_1_23,RISQ_1a_1_24,RISQ_1a_2_19,RISQ_1a_2_20,RISQ_1a_2_21,RISQ_1a_2_22,RISQ_1a_2_23,RISQ_1a_2_24,RISQ_1a_3_19,RISQ_1a_3_20,RISQ_1a_3_21,RISQ_1a_3_22,RISQ_1a_3_23,RISQ_1a_3_24,RISQ_1a_4_19,RISQ_1a_4_20,RISQ_1a_4_21,RISQ_1a_4_22,RISQ_1a_4_23,RISQ_1a_4_24,RISQ_1a_5_19,RISQ_1a_5_20,RISQ_1a_5_21,RISQ_1a_5_22,RISQ_1a_5_23,RISQ_1a_5_24,RISQ_1a_6_19,RISQ_1a_6_20,RISQ_1a_6_21,RISQ_1a_6_22,RISQ_1a_6_23,RISQ_1a_6_24,RISQ_1a_7_19,RISQ_1a_7_20,RISQ_1a_7_21,RISQ_1a_7_22,RISQ_1a_7_23,RISQ_1a_7_24,RISQ_1a_8_19,RISQ_1a_8_20,RISQ_1a_8_21,RISQ_1a_8_22,RISQ_1a_8_23,RISQ_1a_8_24,RISQ_1a_9_19,RISQ_1a_9_20,RISQ_1a_9_21,RISQ_1a_9_22,RISQ_1a_9_23,RISQ_1a_9_24,RISQ_1a_10_19,RISQ_1a_10_20,RISQ_1a_10_21,RISQ_1a_10_22,RISQ_1a_10_23,RISQ_1a_10_24,RISQ_1b_1_19,RISQ_1b_1_20,RISQ_1b_1_21,RISQ_1b_1_22,RISQ_1b_1_23,RISQ_1b_1_24,RISQ_1b_2_19,RISQ_1b_2_20,RISQ_1b_2_21,RISQ_1b_2_22,RISQ_1b_2_23,RISQ_1b_2_24,RISQ_1b_3_19,RISQ_1b_3_20,RISQ_1b_3_21,RISQ_1b_3_22,RISQ_1b_3_23,RISQ_1b_3_24,RISQ_1b_4_19,RISQ_1b_4_20,RISQ_1b_4_21,RISQ_1b_4_22,RISQ_1b_4_23,RISQ_1b_4_24,RISQ_1b_5_19,RISQ_1b_5_20,RISQ_1b_5_21,RISQ_1b_5_22,RISQ_1b_5_23,RISQ_1b_5_24,RISQ_1b_6_19,RISQ_1b_6_20,RISQ_1b_6_21,RISQ_1b_6_22,RISQ_1b_6_23,RISQ_1b_6_24,RISQ_1b_7_19,RISQ_1b_7_20,RISQ_1b_7_21,RISQ_1b_7_22,RISQ_1b_7_23,RISQ_1b_7_24,RISQ_1b_8_19,RISQ_1b_8_20,RISQ_1b_8_21,RISQ_1b_8_22,RISQ_1b_8_23,RISQ_1b_8_24,RISQ_1b_9_19,RISQ_1b_9_20,RISQ_1b_9_21,RISQ_1b_9_22,RISQ_1b_9_23,RISQ_1b_9_24,RISQ_1b_10_19,RISQ_1b_10_20,RISQ_1b_10_21,RISQ_1b_10_22,RISQ_1b_10_23,RISQ_1b_10_24,RISQ_1c_1_19,RISQ_1c_1_20,RISQ_1c_1_21,RISQ_1c_1_22,RISQ_1c_1_23,RISQ_1c_1_24,RISQ_1c_2_19,RISQ_1c_2_20,RISQ_1c_2_21,RISQ_1c_2_22,RISQ_1c_2_23,RISQ_1c_2_24,RISQ_1c_3_19,RISQ_1c_3_20,RISQ_1c_3_21,RISQ_1c_3_22,RISQ_1c_3_23,RISQ_1c_3_24,RISQ_1c_4_19,RISQ_1c_4_20,RISQ_1c_4_21,RISQ_1c_4_22,RISQ_1c_4_23,RISQ_1c_4_24,RISQ_1c_5_19,RISQ_1c_5_20,RISQ_1c_5_21,RISQ_1c_5_22,RISQ_1c_5_23,RISQ_1c_5_24,RISQ_1c_6_19,RISQ_1c_6_20,RISQ_1c_6_21,RISQ_1c_6_22,RISQ_1c_6_23,RISQ_1c_6_24,RISQ_1c_7_19,RISQ_1c_7_20,RISQ_1c_7_21,RISQ_1c_7_22,RISQ_1c_7_23,RISQ_1c_7_24,RISQ_1c_8_19,RISQ_1c_8_20,RISQ_1c_8_21,RISQ_1c_8_22,RISQ_1c_8_23,RISQ_1c_8_24,RISQ_1c_9_19,RISQ_1c_9_20,RISQ_1c_9_21,RISQ_1c_9_22,RISQ_1c_9_23,RISQ_1c_9_24,RISQ_1c_10_19,RISQ_1c_10_20,RISQ_1c_10_21,RISQ_1c_10_22,RISQ_1c_10_23,RISQ_1c_10_24,RISQ_1d_1_19,RISQ_1d_1_20,RISQ_1d_1_21,RISQ_1d_1_22,RISQ_1d_1_23,RISQ_1d_1_24,RISQ_1d_2_19,RISQ_1d_2_20,RISQ_1d_2_21,RISQ_1d_2_22,RISQ_1d_2_23,RISQ_1d_2_24,RISQ_1d_3_19,RISQ_1d_3_20,RISQ_1d_3_21,RISQ_1d_3_22,RISQ_1d_3_23,RISQ_1d_3_24,RISQ_1d_4_19,RISQ_1d_4_20,RISQ_1d_4_21,RISQ_1d_4_22,RISQ_1d_4_23,RISQ_1d_4_24,RISQ_1d_5_19,RISQ_1d_5_20,RISQ_1d_5_21,RISQ_1d_5_22,RISQ_1d_5_23,RISQ_1d_5_24,RISQ_1d_6_19,RISQ_1d_6_20,RISQ_1d_6_21,RISQ_1d_6_22,RISQ_1d_6_23,RISQ_1d_6_24,RISQ_1d_7_19,RISQ_1d_7_20,RISQ_1d_7_21,RISQ_1d_7_22,RISQ_1d_7_23,RISQ_1d_7_24,RISQ_1d_8_19,RISQ_1d_8_20,RISQ_1d_8_21,RISQ_1d_8_22,RISQ_1d_8_23,RISQ_1d_8_24,LCS_1,LCS_2 ,LCS_3,LCS_4,LCS_5,LCS_6,LCS_7,LCS_8,LCS_9 ,LCS_10 ,LCS_11 ,LCS_12 ,LCS_13 ,LCS_14,LCS_15,attn_chk,LCS_16,LCS_17,LCS_18,LCS_19,LCS_20,LCS_21,LCS_22,LCS_23,LCS_24,LCS_25,LCS_26,LCS_27,LCS_28 ,LCS_29,sub_ID,Create New Field or Choose From Dropdown...,dem_ID
Start Date,End Date,Response Type,IP Address,Progress,Duration (in seconds),Finished,Recorded Date,Response ID,Recipient Last Name,Recipient First Name,Recipient Email,External Data Reference,Location Latitude,Location Longitude,Distribution Channel,User Language,"Your photos should meet the following criteria:



1) They are photos that you've already posted to your Instagram account; please blur out/crop out your personal instagram handle. 

2) They evoke positive feelings only

3) They are original photos posted by you (not re-posts, memes, or quotes originally posted by someone else)

4) They do not contain any inappropriate or illegal content (revealing clothing, nudity, drug paraphernalia, expletives, or politically charged content, bullying or other types of offensive material)

5) They are photos and not screenshots of videos

6) Of the 30-35 photos, please have at least 5 photos that include yourself

7) They are not from a business or professional account

8) Do not upload any duplicates of the same photo, each photo must be different. If duplicates are detected, you may be ineligible to participate in the study.



Please confirm your understanding of the above requirements:",Please read the document above and then answer the question below:,Please read the document above and then answer the question below:,Please report your age,Please select your biological sex at birth,Please select your ethnicity,Are you Hispanic or Latino?,Please select your gender identity,How concerned or anxious would you be over whether or not your parents would want to help you?,I would expect that they would want to help me.,How concerned or anxious would you be over whether or not your friend would want to talk with you?,I would expect that he/she would want to talk with me to try to work things out.,How concerned or anxious would you be over whether or not your parents would want you to come home?,I would expect I would be welcome at home.,How concerned or anxious would you be over whether or not your boyfriend/girlfriend would want to see you?,I would expect that he/she would want to see me.,How concerned or anxious would you be over whether or not your parents would want to come?,I would expect that my parents would want to come.,How concerned or anxious would you be over whether or not your friend would do this favor?,I would expect that he/she would willingly do this favor for me.,How concerned or anxious would you be over whether or not your boyfriend/girlfriend would say yes?,I would expect that he/she would answer yes sincerely.,How concerned or anxious would you be over whether or not the person would want to dance with you?,I would expect that he/she would want to dance with me.,"In the last month, how often have you been upset
because of something that happened unexpectedly?","In the last month, how often have you felt that you were unable
to control the important things in your life?","In the last month, how often have you felt nervous and “stressed”?","In the last month, how often have you felt confident about your ability
to handle your personal problems?","In the last month, how often have you felt that things
were going your way?","In the last month, how often have you found that you could not cope
with all the things that you had to do?","In the last month, how often have you been able
to control irritations in your life?","In the last month, how often have you felt that you were on top of things?","In the last month, how often have you been angered
because of things that were outside of your control?","In the last month, how often have you felt difficulties
were piling up so high that you could not overcome them?","If you are reading this, click ""Never"".",I feel distant from people.,I don't feel related to most people.,I feel like an outsider.,I see myself as a loner.,I feel disconnected from the world around me.,I don't feel I participate with anyone or any group.,I feel close to people.,"Even around people I know, I don't feel that I really belong.",I am able to relate to my peers.,I catch myself losing a sense of connectedness with society.,I am able to connect with other people.,I feel understood by the people I know.,I see people as friendly and approachable.,I fit in well in new situations.,I have little sense of togetherness with my peers.,My friends feel like family.,I find myself actively involved in people's lives.,"Even among my friends, there is no sense of brotherhood/sisterhood.",I am in tune with the world.,I feel comfortable in the presence of strangers.,"If other people don't seem to accept me, I don't let it bother me.

1 = Strongly disagree 2 = Moderately disagree 3 = Neither agree nor disagree 4 = Moderately agree 5 = Strongly agree",Select 'yellow' if you are reading this.,"I try hard not to do thing that will make other people avoid or reject me.

1 = Strongly disagree 2 = Moderately disagree 3 = Neither agree nor disagree 4 = Moderately agree 5 = Strongly agree","I seldom worry about whether other people care about me.

1 = Strongly disagree 2 = Moderately disagree 3 = Neither agree nor disagree 4 = Moderately agree 5 = Strongly agree","I need to feel that there are people I can turn to in times of need.

1 = Strongly disagree 2 = Moderately disagree 3 = Neither agree nor disagree 4 = Moderately agree 5 = Strongly agree","I want other people to accept me.

1 = Strongly disagree 2 = Moderately disagree 3 = Neither agree nor disagree 4 = Moderately agree 5 = Strongly agree","If you are reading this, click 'Definitely disagree'","I do not like being alone.

1 = Strongly disagree 2 = Moderately disagree 3 = Neither agree nor disagree 4 = Moderately agree 5 = Strongly agree","Being apart from my friends for long periods of time does not bother me.

1 = Strongly disagree 2 = Moderately disagree 3 = Neither agree nor disagree 4 = Moderately agree 5 = Strongly agree","I have a strong need to belong.

1 = Strongly disagree 2 = Moderately disagree 3 = Neither agree nor disagree 4 = Moderately agree 5 = Strongly agree","It bothers me a great deal when I am not included in other people's plans.

1 = Strongly disagree 2 = Moderately disagree 3 = Neither agree nor disagree 4 = Moderately agree 5 = Strongly agree","My feelings are easily hurt when I feel that others do not accept me.

1 = Strongly disagree 2 = Moderately disagree 3 = Neither agree nor disagree 4 = Moderately agree 5 = Strongly agree",I enjoy being around people who think I am an important and exciting person,I enjoy treating others fairly,I enjoy making someone angry,I enjoy going to parties,I enjoy being nice to someone only if I gain something out of it,I enjoy feeling emotionally connected to someone,I enjoy it if others look up to me,I enjoy tricking someone out of something,I enjoy having erotic relationships,I enjoy being a member of a group/club,I enjoy being around people who are impressed with who I am and what I do,I enjoy letting someone else tell me what to do,I enjoy having many sexual experiences,I enjoy embarrassing others,I enjoy many people wanting to invite me to their social events,I enjoy keeping promises I make to others,I enjoy seeing others get hurt,I enjoy achieving recognition from others,"I enjoy it if someone accepts me as I am, no matter what",I enjoy having an active sex life,I enjoy someone else making decisions for me,I enjoy making someone feel happy,I enjoy following someone else's rules,"For each behavior below, please provide the requested information, and then rate them from 0 = Strongly Disagree to 4 = Strongly Agree - Shoplifted things - How many times total have you done this in your life? # total","For each behavior below, please provide the requested information, and then rate them from 0 = Strongly Disagree to 4 = Strongly Agree - Shoplifted things - How many times have you done this in the past month? # past month","For each behavior below, please provide the requested information, and then rate them from 0 = Strongly Disagree to 4 = Strongly Agree - Shoplifted things - How old were you the first time? Age #","For each behavior below, please provide the requested information, and then rate them from 0 = Strongly Disagree to 4 = Strongly Agree - Shoplifted things - Did it ever cause you any problems, such as going to the hospital, legal trouble, problems at work, with friends or family. Y/N","For each behavior below, please provide the requested information, and then rate them from 0 = Strongly Disagree to 4 = Strongly Agree - Shoplifted things - I do this behavior to stop feeling upset, distressed, or overwhelmed. Rate 0-4","For each behavior below, please provide the requested information, and then rate them from 0 = Strongly Disagree to 4 = Strongly Agree - Shoplifted things - I do this behavior to feel excitement, to get a thrill, or to feel pleasure. Rate 0-4","For each behavior below, please provide the requested information, and then rate them from 0 = Strongly Disagree to 4 = Strongly Agree - Drove 30mph or faster over the speed limit - How many times total have you done this in your life? # total","For each behavior below, please provide the requested information, and then rate them from 0 = Strongly Disagree to 4 = Strongly Agree - Drove 30mph or faster over the speed limit - How many times have you done this in the past month? # past month","For each behavior below, please provide the requested information, and then rate them from 0 = Strongly Disagree to 4 = Strongly Agree - Drove 30mph or faster over the speed limit - How old were you the first time? Age #","For each behavior below, please provide the requested information, and then rate them from 0 = Strongly Disagree to 4 = Strongly Agree - Drove 30mph or faster over the speed limit - Did it ever cause you any problems, such as going to the hospital, legal trouble, problems at work, with friends or family. Y/N","For each behavior below, please provide the requested information, and then rate them from 0 = Strongly Disagree to 4 = Strongly Agree - Drove 30mph or faster over the speed limit - I do this behavior to stop feeling upset, distressed, or overwhelmed. Rate 0-4","For each behavior below, please provide the requested information, and then rate them from 0 = Strongly Disagree to 4 = Strongly Agree - Drove 30mph or faster over the speed limit - I do this behavior to feel excitement, to get a thrill, or to feel pleasure. Rate 0-4","For each behavior below, please provide the requested information, and then rate them from 0 = Strongly Disagree to 4 = Strongly Agree - Bet on sports, horses, or other animals - How many times total have you done this in your life? # total","For each behavior below, please provide the requested information, and then rate them from 0 = Strongly Disagree to 4 = Strongly Agree - Bet on sports, horses, or other animals - How many times have you done this in the past month? # past month","For each behavior below, please provide the requested information, and then rate them from 0 = Strongly Disagree to 4 = Strongly Agree - Bet on sports, horses, or other animals - How old were you the first time? Age #","For each behavior below, please provide the requested information, and then rate them from 0 = Strongly Disagree to 4 = Strongly Agree - Bet on sports, horses, or other animals - Did it ever cause you any problems, such as going to the hospital, legal trouble, problems at work, with friends or family. Y/N","For each behavior below, please provide the requested information, and then rate them from 0 = Strongly Disagree to 4 = Strongly Agree - Bet on sports, horses, or other animals - I do this behavior to stop feeling upset, distressed, or overwhelmed. Rate 0-4","For each behavior below, please provide the requested information, and then rate them from 0 = Strongly Disagree to 4 = Strongly Agree - Bet on sports, horses, or other animals - I do this behavior to feel excitement, to get a thrill, or to feel pleasure. Rate 0-4","For each behavior below, please provide the requested information, and then rate them from 0 = Strongly Disagree to 4 = Strongly Agree - Used cocaine or crack - How many times total have you done this in your life? # total","For each behavior below, please provide the requested information, and then rate them from 0 = Strongly Disagree to 4 = Strongly Agree - Used cocaine or crack - How many times have you done this in the past month? # past month","For each behavior below, please provide the requested information, and then rate them from 0 = Strongly Disagree to 4 = Strongly Agree - Used cocaine or crack - How old were you the first time? Age #","For each behavior below, please provide the requested information, and then rate them from 0 = Strongly Disagree to 4 = Strongly Agree - Used cocaine or crack - Did it ever cause you any problems, such as going to the hospital, legal trouble, problems at work, with friends or family. Y/N","For each behavior below, please provide the requested information, and then rate them from 0 = Strongly Disagree to 4 = Strongly Agree - Used cocaine or crack - I do this behavior to stop feeling upset, distressed, or overwhelmed. Rate 0-4","For each behavior below, please provide the requested information, and then rate them from 0 = Strongly Disagree to 4 = Strongly Agree - Used cocaine or crack - I do this behavior to feel excitement, to get a thrill, or to feel pleasure. Rate 0-4","For each behavior below, please provide the requested information, and then rate them from 0 = Strongly Disagree to 4 = Strongly Agree - Bought drugs - How many times total have you done this in your life? # total","For each behavior below, please provide the requested information, and then rate them from 0 = Strongly Disagree to 4 = Strongly Agree - Bought drugs - How many times have you done this in the past month? # past month","For each behavior below, please provide the requested information, and then rate them from 0 = Strongly Disagree to 4 = Strongly Agree - Bought drugs - How old were you the first time? Age #","For each behavior below, please provide the requested information, and then rate them from 0 = Strongly Disagree to 4 = Strongly Agree - Bought drugs - Did it ever cause you any problems, such as going to the hospital, legal trouble, problems at work, with friends or family. Y/N","For each behavior below, please provide the requested information, and then rate them from 0 = Strongly Disagree to 4 = Strongly Agree - Bought drugs - I do this behavior to stop feeling upset, distressed, or overwhelmed. Rate 0-4","For each behavior below, please provide the requested information, and then rate them from 0 = Strongly Disagree to 4 = Strongly Agree - Bought drugs - I do this behavior to feel excitement, to get a thrill, or to feel pleasure. Rate 0-4","For each behavior below, please provide the requested information, and then rate them from 0 = Strongly Disagree to 4 = Strongly Agree - Impulsively bought stuff you did not need & won't use - How many times total have you done this in your life? # total","For each behavior below, please provide the requested information, and then rate them from 0 = Strongly Disagree to 4 = Strongly Agree - Impulsively bought stuff you did not need & won't use - How many times have you done this in the past month? # past month","For each behavior below, please provide the requested information, and then rate them from 0 = Strongly Disagree to 4 = Strongly Agree - Impulsively bought stuff you did not need & won't use - How old were you the first time? Age #","For each behavior below, please provide the requested information, and then rate them from 0 = Strongly Disagree to 4 = Strongly Agree - Impulsively bought stuff you did not need & won't use - Did it ever cause you any problems, such as going to the hospital, legal trouble, problems at work, with friends or family. Y/N","For each behavior below, please provide the requested information, and then rate them from 0 = Strongly Disagree to 4 = Strongly Agree - Impulsively bought stuff you did not need & won't use - I do this behavior to stop feeling upset, distressed, or overwhelmed. Rate 0-4","For each behavior below, please provide the requested information, and then rate them from 0 = Strongly Disagree to 4 = Strongly Agree - Impulsively bought stuff you did not need & won't use - I do this behavior to feel excitement, to get a thrill, or to feel pleasure. Rate 0-4","For each behavior below, please provide the requested information, and then rate them from 0 = Strongly Disagree to 4 = Strongly Agree - Had unprotected sex with someone you just met or didn’t know well - How many times total have you done this in your life? # total","For each behavior below, please provide the requested information, and then rate them from 0 = Strongly Disagree to 4 = Strongly Agree - Had unprotected sex with someone you just met or didn’t know well - How many times have you done this in the past month? # past month","For each behavior below, please provide the requested information, and then rate them from 0 = Strongly Disagree to 4 = Strongly Agree - Had unprotected sex with someone you just met or didn’t know well - How old were you the first time? Age #","For each behavior below, please provide the requested information, and then rate them from 0 = Strongly Disagree to 4 = Strongly Agree - Had unprotected sex with someone you just met or didn’t know well - Did it ever cause you any problems, such as going to the hospital, legal trouble, problems at work, with friends or family. Y/N","For each behavior below, please provide the requested information, and then rate them from 0 = Strongly Disagree to 4 = Strongly Agree - Had unprotected sex with someone you just met or didn’t know well - I do this behavior to stop feeling upset, distressed, or overwhelmed. Rate 0-4","For each behavior below, please provide the requested information, and then rate them from 0 = Strongly Disagree to 4 = Strongly Agree - Had unprotected sex with someone you just met or didn’t know well - I do this behavior to feel excitement, to get a thrill, or to feel pleasure. Rate 0-4","For each behavior below, please provide the requested information, and then rate them from 0 = Strongly Disagree to 4 = Strongly Agree - Gotten in a physical fight - How many times total have you done this in your life? # total","For each behavior below, please provide the requested information, and then rate them from 0 = Strongly Disagree to 4 = Strongly Agree - Gotten in a physical fight - How many times have you done this in the past month? # past month","For each behavior below, please provide the requested information, and then rate them from 0 = Strongly Disagree to 4 = Strongly Agree - Gotten in a physical fight - How old were you the first time? Age #","For each behavior below, please provide the requested information, and then rate them from 0 = Strongly Disagree to 4 = Strongly Agree - Gotten in a physical fight - Did it ever cause you any problems, such as going to the hospital, legal trouble, problems at work, with friends or family. Y/N","For each behavior below, please provide the requested information, and then rate them from 0 = Strongly Disagree to 4 = Strongly Agree - Gotten in a physical fight - I do this behavior to stop feeling upset, distressed, or overwhelmed. Rate 0-4","For each behavior below, please provide the requested information, and then rate them from 0 = Strongly Disagree to 4 = Strongly Agree - Gotten in a physical fight - I do this behavior to feel excitement, to get a thrill, or to feel pleasure. Rate 0-4","For each behavior below, please provide the requested information, and then rate them from 0 = Strongly Disagree to 4 = Strongly Agree - Thought about killing yourself - How many times total have you done this in your life? # total","For each behavior below, please provide the requested information, and then rate them from 0 = Strongly Disagree to 4 = Strongly Agree - Thought about killing yourself - How many times have you done this in the past month? # past month","For each behavior below, please provide the requested information, and then rate them from 0 = Strongly Disagree to 4 = Strongly Agree - Thought about killing yourself - How old were you the first time? Age #","For each behavior below, please provide the requested information, and then rate them from 0 = Strongly Disagree to 4 = Strongly Agree - Thought about killing yourself - Did it ever cause you any problems, such as going to the hospital, legal trouble, problems at work, with friends or family. Y/N","For each behavior below, please provide the requested information, and then rate them from 0 = Strongly Disagree to 4 = Strongly Agree - Thought about killing yourself - I do this behavior to stop feeling upset, distressed, or overwhelmed. Rate 0-4","For each behavior below, please provide the requested information, and then rate them from 0 = Strongly Disagree to 4 = Strongly Agree - Thought about killing yourself - I do this behavior to feel excitement, to get a thrill, or to feel pleasure. Rate 0-4","For each behavior below, please provide the requested information, and then rate them from 0 = Strongly Disagree to 4 = Strongly Agree - Had sex for money or drugs - How many times total have you done this in your life? # total","For each behavior below, please provide the requested information, and then rate them from 0 = Strongly Disagree to 4 = Strongly Agree - Had sex for money or drugs - How many times have you done this in the past month? # past month","For each behavior below, please provide the requested information, and then rate them from 0 = Strongly Disagree to 4 = Strongly Agree - Had sex for money or drugs - How old were you the first time? Age #","For each behavior below, please provide the requested information, and then rate them from 0 = Strongly Disagree to 4 = Strongly Agree - Had sex for money or drugs - Did it ever cause you any problems, such as going to the hospital, legal trouble, problems at work, with friends or family. Y/N","For each behavior below, please provide the requested information, and then rate them from 0 = Strongly Disagree to 4 = Strongly Agree - Had sex for money or drugs - I do this behavior to stop feeling upset, distressed, or overwhelmed. Rate 0-4","For each behavior below, please provide the requested information, and then rate them from 0 = Strongly Disagree to 4 = Strongly Agree - Had sex for money or drugs - I do this behavior to feel excitement, to get a thrill, or to feel pleasure. Rate 0-4","For each behavior below, please provide the requested information, and then rate them from 0 = Strongly Disagree to 4 = Strongly Agree - Drank alcohol until you blacked or passed out - How many times total have you done this in your life? # total","For each behavior below, please provide the requested information, and then rate them from 0 = Strongly Disagree to 4 = Strongly Agree - Drank alcohol until you blacked or passed out - How many times have you done this in the past month? # past month","For each behavior below, please provide the requested information, and then rate them from 0 = Strongly Disagree to 4 = Strongly Agree - Drank alcohol until you blacked or passed out - How old were you the first time? Age #","For each behavior below, please provide the requested information, and then rate them from 0 = Strongly Disagree to 4 = Strongly Agree - Drank alcohol until you blacked or passed out - Did it ever cause you any problems, such as going to the hospital, legal trouble, problems at work, with friends or family. Y/N","For each behavior below, please provide the requested information, and then rate them from 0 = Strongly Disagree to 4 = Strongly Agree - Drank alcohol until you blacked or passed out - I do this behavior to stop feeling upset, distressed, or overwhelmed. Rate 0-4","For each behavior below, please provide the requested information, and then rate them from 0 = Strongly Disagree to 4 = Strongly Agree - Drank alcohol until you blacked or passed out - I do this behavior to feel excitement, to get a thrill, or to feel pleasure. Rate 0-4","For each behavior below, please provide the requested information, and then rate them from 0 = Strongly Disagree to 4 = Strongly Agree - Used hallucinogens, LSD, mushrooms - How many times total have you done this in your life? # total","For each behavior below, please provide the requested information, and then rate them from 0 = Strongly Disagree to 4 = Strongly Agree - Used hallucinogens, LSD, mushrooms - How many times have you done this in the past month? # past month","For each behavior below, please provide the requested information, and then rate them from 0 = Strongly Disagree to 4 = Strongly Agree - Used hallucinogens, LSD, mushrooms - How old were you the first time? Age #","For each behavior below, please provide the requested information, and then rate them from 0 = Strongly Disagree to 4 = Strongly Agree - Used hallucinogens, LSD, mushrooms - Did it ever cause you any problems, such as going to the hospital, legal trouble, problems at work, with friends or family. Y/N","For each behavior below, please provide the requested information, and then rate them from 0 = Strongly Disagree to 4 = Strongly Agree - Used hallucinogens, LSD, mushrooms - I do this behavior to stop feeling upset, distressed, or overwhelmed. Rate 0-4","For each behavior below, please provide the requested information, and then rate them from 0 = Strongly Disagree to 4 = Strongly Agree - Used hallucinogens, LSD, mushrooms - I do this behavior to feel excitement, to get a thrill, or to feel pleasure. Rate 0-4","For each behavior below, please provide the requested information, and then rate them from 0 = Strongly Disagree to 4 = Strongly Agree - Gone to work intoxicated or high - How many times total have you done this in your life? # total","For each behavior below, please provide the requested information, and then rate them from 0 = Strongly Disagree to 4 = Strongly Agree - Gone to work intoxicated or high - How many times have you done this in the past month? # past month","For each behavior below, please provide the requested information, and then rate them from 0 = Strongly Disagree to 4 = Strongly Agree - Gone to work intoxicated or high - How old were you the first time? Age #","For each behavior below, please provide the requested information, and then rate them from 0 = Strongly Disagree to 4 = Strongly Agree - Gone to work intoxicated or high - Did it ever cause you any problems, such as going to the hospital, legal trouble, problems at work, with friends or family. Y/N","For each behavior below, please provide the requested information, and then rate them from 0 = Strongly Disagree to 4 = Strongly Agree - Gone to work intoxicated or high - I do this behavior to stop feeling upset, distressed, or overwhelmed. Rate 0-4","For each behavior below, please provide the requested information, and then rate them from 0 = Strongly Disagree to 4 = Strongly Agree - Gone to work intoxicated or high - I do this behavior to feel excitement, to get a thrill, or to feel pleasure. Rate 0-4","For each behavior below, please provide the requested information, and then rate them from 0 = Strongly Disagree to 4 = Strongly Agree - Attacked someone with a weapon, such as a knife or gun - How many times total have you done this in your life? # total","For each behavior below, please provide the requested information, and then rate them from 0 = Strongly Disagree to 4 = Strongly Agree - Attacked someone with a weapon, such as a knife or gun - How many times have you done this in the past month? # past month","For each behavior below, please provide the requested information, and then rate them from 0 = Strongly Disagree to 4 = Strongly Agree - Attacked someone with a weapon, such as a knife or gun - How old were you the first time? Age #","For each behavior below, please provide the requested information, and then rate them from 0 = Strongly Disagree to 4 = Strongly Agree - Attacked someone with a weapon, such as a knife or gun - Did it ever cause you any problems, such as going to the hospital, legal trouble, problems at work, with friends or family. Y/N","For each behavior below, please provide the requested information, and then rate them from 0 = Strongly Disagree to 4 = Strongly Agree - Attacked someone with a weapon, such as a knife or gun - I do this behavior to stop feeling upset, distressed, or overwhelmed. Rate 0-4","For each behavior below, please provide the requested information, and then rate them from 0 = Strongly Disagree to 4 = Strongly Agree - Attacked someone with a weapon, such as a knife or gun - I do this behavior to feel excitement, to get a thrill, or to feel pleasure. Rate 0-4","For each behavior below, please provide the requested information, and then rate them from 0 = Strongly Disagree to 4 = Strongly Agree - Punched or hit someone with a fist or object - How many times total have you done this in your life? # total","For each behavior below, please provide the requested information, and then rate them from 0 = Strongly Disagree to 4 = Strongly Agree - Punched or hit someone with a fist or object - How many times have you done this in the past month? # past month","For each behavior below, please provide the requested information, and then rate them from 0 = Strongly Disagree to 4 = Strongly Agree - Punched or hit someone with a fist or object - How old were you the first time? Age #","For each behavior below, please provide the requested information, and then rate them from 0 = Strongly Disagree to 4 = Strongly Agree - Punched or hit someone with a fist or object - Did it ever cause you any problems, such as going to the hospital, legal trouble, problems at work, with friends or family. Y/N","For each behavior below, please provide the requested information, and then rate them from 0 = Strongly Disagree to 4 = Strongly Agree - Punched or hit someone with a fist or object - I do this behavior to stop feeling upset, distressed, or overwhelmed. Rate 0-4","For each behavior below, please provide the requested information, and then rate them from 0 = Strongly Disagree to 4 = Strongly Agree - Punched or hit someone with a fist or object - I do this behavior to feel excitement, to get a thrill, or to feel pleasure. Rate 0-4","For each behavior below, please provide the requested information, and then rate them from 0 = Strongly Disagree to 4 = Strongly Agree - Cut, burned, or hurt yourself on purpose without trying to die - How many times total have you done this in your life? # total","For each behavior below, please provide the requested information, and then rate them from 0 = Strongly Disagree to 4 = Strongly Agree - Cut, burned, or hurt yourself on purpose without trying to die - How many times have you done this in the past month? # past month","For each behavior below, please provide the requested information, and then rate them from 0 = Strongly Disagree to 4 = Strongly Agree - Cut, burned, or hurt yourself on purpose without trying to die - How old were you the first time? Age #","For each behavior below, please provide the requested information, and then rate them from 0 = Strongly Disagree to 4 = Strongly Agree - Cut, burned, or hurt yourself on purpose without trying to die - Did it ever cause you any problems, such as going to the hospital, legal trouble, problems at work, with friends or family. Y/N","For each behavior below, please provide the requested information, and then rate them from 0 = Strongly Disagree to 4 = Strongly Agree - Cut, burned, or hurt yourself on purpose without trying to die - I do this behavior to stop feeling upset, distressed, or overwhelmed. Rate 0-4","For each behavior below, please provide the requested information, and then rate them from 0 = Strongly Disagree to 4 = Strongly Agree - Cut, burned, or hurt yourself on purpose without trying to die - I do this behavior to feel excitement, to get a thrill, or to feel pleasure. Rate 0-4","For each behavior below, please provide the requested information, and then rate them from 0 = Strongly Disagree to 4 = Strongly Agree - Lost more money than you could afford gambling - How many times total have you done this in your life? # total","For each behavior below, please provide the requested information, and then rate them from 0 = Strongly Disagree to 4 = Strongly Agree - Lost more money than you could afford gambling - How many times have you done this in the past month? # past month","For each behavior below, please provide the requested information, and then rate them from 0 = Strongly Disagree to 4 = Strongly Agree - Lost more money than you could afford gambling - How old were you the first time? Age #","For each behavior below, please provide the requested information, and then rate them from 0 = Strongly Disagree to 4 = Strongly Agree - Lost more money than you could afford gambling - Did it ever cause you any problems, such as going to the hospital, legal trouble, problems at work, with friends or family. Y/N","For each behavior below, please provide the requested information, and then rate them from 0 = Strongly Disagree to 4 = Strongly Agree - Lost more money than you could afford gambling - I do this behavior to stop feeling upset, distressed, or overwhelmed. Rate 0-4","For each behavior below, please provide the requested information, and then rate them from 0 = Strongly Disagree to 4 = Strongly Agree - Lost more money than you could afford gambling - I do this behavior to feel excitement, to get a thrill, or to feel pleasure. Rate 0-4","For each behavior below, please provide the requested information, and then rate them from 0 = Strongly Disagree to 4 = Strongly Agree - Threatened to physically hurt someone - How many times total have you done this in your life? # total","For each behavior below, please provide the requested information, and then rate them from 0 = Strongly Disagree to 4 = Strongly Agree - Threatened to physically hurt someone - How many times have you done this in the past month? # past month","For each behavior below, please provide the requested information, and then rate them from 0 = Strongly Disagree to 4 = Strongly Agree - Threatened to physically hurt someone - How old were you the first time? Age #","For each behavior below, please provide the requested information, and then rate them from 0 = Strongly Disagree to 4 = Strongly Agree - Threatened to physically hurt someone - Did it ever cause you any problems, such as going to the hospital, legal trouble, problems at work, with friends or family. Y/N","For each behavior below, please provide the requested information, and then rate them from 0 = Strongly Disagree to 4 = Strongly Agree - Threatened to physically hurt someone - I do this behavior to stop feeling upset, distressed, or overwhelmed. Rate 0-4","For each behavior below, please provide the requested information, and then rate them from 0 = Strongly Disagree to 4 = Strongly Agree - Threatened to physically hurt someone - I do this behavior to feel excitement, to get a thrill, or to feel pleasure. Rate 0-4","For each behavior below, please provide the requested information, and then rate them from 0 = Strongly Disagree to 4 = Strongly Agree - Threatened someone with a weapon, such as a knife or gun - How many times total have you done this in your life? # total","For each behavior below, please provide the requested information, and then rate them from 0 = Strongly Disagree to 4 = Strongly Agree - Threatened someone with a weapon, such as a knife or gun - How many times have you done this in the past month? # past month","For each behavior below, please provide the requested information, and then rate them from 0 = Strongly Disagree to 4 = Strongly Agree - Threatened someone with a weapon, such as a knife or gun - How old were you the first time? Age #","For each behavior below, please provide the requested information, and then rate them from 0 = Strongly Disagree to 4 = Strongly Agree - Threatened someone with a weapon, such as a knife or gun - Did it ever cause you any problems, such as going to the hospital, legal trouble, problems at work, with friends or family. Y/N","For each behavior below, please provide the requested information, and then rate them from 0 = Strongly Disagree to 4 = Strongly Agree - Threatened someone with a weapon, such as a knife or gun - I do this behavior to stop feeling upset, distressed, or overwhelmed. Rate 0-4","For each behavior below, please provide the requested information, and then rate them from 0 = Strongly Disagree to 4 = Strongly Agree - Threatened someone with a weapon, such as a knife or gun - I do this behavior to feel excitement, to get a thrill, or to feel pleasure. Rate 0-4","For each behavior below, please provide the requested information, and then rate them from 0 = Strongly Disagree to 4 = Strongly Agree - Used heroin - How many times total have you done this in your life? # total","For each behavior below, please provide the requested information, and then rate them from 0 = Strongly Disagree to 4 = Strongly Agree - Used heroin - How many times have you done this in the past month? # past month","For each behavior below, please provide the requested information, and then rate them from 0 = Strongly Disagree to 4 = Strongly Agree - Used heroin - How old were you the first time? Age #","For each behavior below, please provide the requested information, and then rate them from 0 = Strongly Disagree to 4 = Strongly Agree - Used heroin - Did it ever cause you any problems, such as going to the hospital, legal trouble, problems at work, with friends or family. Y/N","For each behavior below, please provide the requested information, and then rate them from 0 = Strongly Disagree to 4 = Strongly Agree - Used heroin - I do this behavior to stop feeling upset, distressed, or overwhelmed. Rate 0-4","For each behavior below, please provide the requested information, and then rate them from 0 = Strongly Disagree to 4 = Strongly Agree - Used heroin - I do this behavior to feel excitement, to get a thrill, or to feel pleasure. Rate 0-4","For each behavior below, please provide the requested information, and then rate them from 0 = Strongly Disagree to 4 = Strongly Agree - Destroyed or vandalized property - How many times total have you done this in your life? # total","For each behavior below, please provide the requested information, and then rate them from 0 = Strongly Disagree to 4 = Strongly Agree - Destroyed or vandalized property - How many times have you done this in the past month? # past month","For each behavior below, please provide the requested information, and then rate them from 0 = Strongly Disagree to 4 = Strongly Agree - Destroyed or vandalized property - How old were you the first time? Age #","For each behavior below, please provide the requested information, and then rate them from 0 = Strongly Disagree to 4 = Strongly Agree - Destroyed or vandalized property - Did it ever cause you any problems, such as going to the hospital, legal trouble, problems at work, with friends or family. Y/N","For each behavior below, please provide the requested information, and then rate them from 0 = Strongly Disagree to 4 = Strongly Agree - Destroyed or vandalized property - I do this behavior to stop feeling upset, distressed, or overwhelmed. Rate 0-4","For each behavior below, please provide the requested information, and then rate them from 0 = Strongly Disagree to 4 = Strongly Agree - Destroyed or vandalized property - I do this behavior to feel excitement, to get a thrill, or to feel pleasure. Rate 0-4","For each behavior below, please provide the requested information, and then rate them from 0 = Strongly Disagree to 4 = Strongly Agree - Drank 5 or more alcoholic drinks in 3 hours or less - How many times total have you done this in your life? # total","For each behavior below, please provide the requested information, and then rate them from 0 = Strongly Disagree to 4 = Strongly Agree - Drank 5 or more alcoholic drinks in 3 hours or less - How many times have you done this in the past month? # past month","For each behavior below, please provide the requested information, and then rate them from 0 = Strongly Disagree to 4 = Strongly Agree - Drank 5 or more alcoholic drinks in 3 hours or less - How old were you the first time? Age #","For each behavior below, please provide the requested information, and then rate them from 0 = Strongly Disagree to 4 = Strongly Agree - Drank 5 or more alcoholic drinks in 3 hours or less - Did it ever cause you any problems, such as going to the hospital, legal trouble, problems at work, with friends or family. Y/N","For each behavior below, please provide the requested information, and then rate them from 0 = Strongly Disagree to 4 = Strongly Agree - Drank 5 or more alcoholic drinks in 3 hours or less - I do this behavior to stop feeling upset, distressed, or overwhelmed. Rate 0-4","For each behavior below, please provide the requested information, and then rate them from 0 = Strongly Disagree to 4 = Strongly Agree - Drank 5 or more alcoholic drinks in 3 hours or less - I do this behavior to feel excitement, to get a thrill, or to feel pleasure. Rate 0-4","For each behavior below, please provide the requested information, and then rate them from 0 = Strongly Disagree to 4 = Strongly Agree - Paid for sex - How many times total have you done this in your life? # total","For each behavior below, please provide the requested information, and then rate them from 0 = Strongly Disagree to 4 = Strongly Agree - Paid for sex - How many times have you done this in the past month? # past month","For each behavior below, please provide the requested information, and then rate them from 0 = Strongly Disagree to 4 = Strongly Agree - Paid for sex - How old were you the first time? Age #","For each behavior below, please provide the requested information, and then rate them from 0 = Strongly Disagree to 4 = Strongly Agree - Paid for sex - Did it ever cause you any problems, such as going to the hospital, legal trouble, problems at work, with friends or family. Y/N","For each behavior below, please provide the requested information, and then rate them from 0 = Strongly Disagree to 4 = Strongly Agree - Paid for sex - I do this behavior to stop feeling upset, distressed, or overwhelmed. Rate 0-4","For each behavior below, please provide the requested information, and then rate them from 0 = Strongly Disagree to 4 = Strongly Agree - Paid for sex - I do this behavior to feel excitement, to get a thrill, or to feel pleasure. Rate 0-4","For each behavior below, please provide the requested information, and then rate them from 0 = Strongly Disagree to 4 = Strongly Agree - Sold drugs - How many times total have you done this in your life? # total","For each behavior below, please provide the requested information, and then rate them from 0 = Strongly Disagree to 4 = Strongly Agree - Sold drugs - How many times have you done this in the past month? # past month","For each behavior below, please provide the requested information, and then rate them from 0 = Strongly Disagree to 4 = Strongly Agree - Sold drugs - How old were you the first time? Age #","For each behavior below, please provide the requested information, and then rate them from 0 = Strongly Disagree to 4 = Strongly Agree - Sold drugs - Did it ever cause you any problems, such as going to the hospital, legal trouble, problems at work, with friends or family. Y/N","For each behavior below, please provide the requested information, and then rate them from 0 = Strongly Disagree to 4 = Strongly Agree - Sold drugs - I do this behavior to stop feeling upset, distressed, or overwhelmed. Rate 0-4","For each behavior below, please provide the requested information, and then rate them from 0 = Strongly Disagree to 4 = Strongly Agree - Sold drugs - I do this behavior to feel excitement, to get a thrill, or to feel pleasure. Rate 0-4","For each behavior below, please provide the requested information, and then rate them from 0 = Strongly Disagree to 4 = Strongly Agree - Robbed someone - How many times total have you done this in your life? # total","For each behavior below, please provide the requested information, and then rate them from 0 = Strongly Disagree to 4 = Strongly Agree - Robbed someone - How many times have you done this in the past month? # past month","For each behavior below, please provide the requested information, and then rate them from 0 = Strongly Disagree to 4 = Strongly Agree - Robbed someone - How old were you the first time? Age #","For each behavior below, please provide the requested information, and then rate them from 0 = Strongly Disagree to 4 = Strongly Agree - Robbed someone - Did it ever cause you any problems, such as going to the hospital, legal trouble, problems at work, with friends or family. Y/N","For each behavior below, please provide the requested information, and then rate them from 0 = Strongly Disagree to 4 = Strongly Agree - Robbed someone - I do this behavior to stop feeling upset, distressed, or overwhelmed. Rate 0-4","For each behavior below, please provide the requested information, and then rate them from 0 = Strongly Disagree to 4 = Strongly Agree - Robbed someone - I do this behavior to feel excitement, to get a thrill, or to feel pleasure. Rate 0-4","For each behavior below, please provide the requested information, and then rate them from 0 = Strongly Disagree to 4 = Strongly Agree - Tried to kill yourself - How many times total have you done this in your life? # total","For each behavior below, please provide the requested information, and then rate them from 0 = Strongly Disagree to 4 = Strongly Agree - Tried to kill yourself - How many times have you done this in the past month? # past month","For each behavior below, please provide the requested information, and then rate them from 0 = Strongly Disagree to 4 = Strongly Agree - Tried to kill yourself - How old were you the first time? Age #","For each behavior below, please provide the requested information, and then rate them from 0 = Strongly Disagree to 4 = Strongly Agree - Tried to kill yourself - Did it ever cause you any problems, such as going to the hospital, legal trouble, problems at work, with friends or family. Y/N","For each behavior below, please provide the requested information, and then rate them from 0 = Strongly Disagree to 4 = Strongly Agree - Tried to kill yourself - I do this behavior to stop feeling upset, distressed, or overwhelmed. Rate 0-4","For each behavior below, please provide the requested information, and then rate them from 0 = Strongly Disagree to 4 = Strongly Agree - Tried to kill yourself - I do this behavior to feel excitement, to get a thrill, or to feel pleasure. Rate 0-4","For each behavior below, please provide the requested information, and then rate them from 0 = Strongly Disagree to 4 = Strongly Agree - Used marijuana - How many times total have you done this in your life? # total","For each behavior below, please provide the requested information, and then rate them from 0 = Strongly Disagree to 4 = Strongly Agree - Used marijuana - How many times have you done this in the past month? # past month","For each behavior below, please provide the requested information, and then rate them from 0 = Strongly Disagree to 4 = Strongly Agree - Used marijuana - How old were you the first time? Age #","For each behavior below, please provide the requested information, and then rate them from 0 = Strongly Disagree to 4 = Strongly Agree - Used marijuana - Did it ever cause you any problems, such as going to the hospital, legal trouble, problems at work, with friends or family. Y/N","For each behavior below, please provide the requested information, and then rate them from 0 = Strongly Disagree to 4 = Strongly Agree - Used marijuana - I do this behavior to stop feeling upset, distressed, or overwhelmed. Rate 0-4","For each behavior below, please provide the requested information, and then rate them from 0 = Strongly Disagree to 4 = Strongly Agree - Used marijuana - I do this behavior to feel excitement, to get a thrill, or to feel pleasure. Rate 0-4","For each behavior below, please provide the requested information, and then rate them from 0 = Strongly Disagree to 4 = Strongly Agree - Had difficulty stopping eating - How many times total have you done this in your life? # total","For each behavior below, please provide the requested information, and then rate them from 0 = Strongly Disagree to 4 = Strongly Agree - Had difficulty stopping eating - How many times have you done this in the past month? # past month","For each behavior below, please provide the requested information, and then rate them from 0 = Strongly Disagree to 4 = Strongly Agree - Had difficulty stopping eating - How old were you the first time? Age #","For each behavior below, please provide the requested information, and then rate them from 0 = Strongly Disagree to 4 = Strongly Agree - Had difficulty stopping eating - Did it ever cause you any problems, such as going to the hospital, legal trouble, problems at work, with friends or family. Y/N","For each behavior below, please provide the requested information, and then rate them from 0 = Strongly Disagree to 4 = Strongly Agree - Had difficulty stopping eating - I do this behavior to stop feeling upset, distressed, or overwhelmed. Rate 0-4","For each behavior below, please provide the requested information, and then rate them from 0 = Strongly Disagree to 4 = Strongly Agree - Had difficulty stopping eating - I do this behavior to feel excitement, to get a thrill, or to feel pleasure. Rate 0-4","For each behavior below, please provide the requested information, and then rate them from 0 = Strongly Disagree to 4 = Strongly Agree - Been in 2 or more sexual relationships at the same time - How many times total have you done this in your life? # total","For each behavior below, please provide the requested information, and then rate them from 0 = Strongly Disagree to 4 = Strongly Agree - Been in 2 or more sexual relationships at the same time - How many times have you done this in the past month? # past month","For each behavior below, please provide the requested information, and then rate them from 0 = Strongly Disagree to 4 = Strongly Agree - Been in 2 or more sexual relationships at the same time - How old were you the first time? Age #","For each behavior below, please provide the requested information, and then rate them from 0 = Strongly Disagree to 4 = Strongly Agree - Been in 2 or more sexual relationships at the same time - Did it ever cause you any problems, such as going to the hospital, legal trouble, problems at work, with friends or family. Y/N","For each behavior below, please provide the requested information, and then rate them from 0 = Strongly Disagree to 4 = Strongly Agree - Been in 2 or more sexual relationships at the same time - I do this behavior to stop feeling upset, distressed, or overwhelmed. Rate 0-4","For each behavior below, please provide the requested information, and then rate them from 0 = Strongly Disagree to 4 = Strongly Agree - Been in 2 or more sexual relationships at the same time - I do this behavior to feel excitement, to get a thrill, or to feel pleasure. Rate 0-4","For each behavior below, please provide the requested information, and then rate them from 0 = Strongly Disagree to 4 = Strongly Agree - Bought expensive items you could not afford on the spur of the moment - How many times total have you done this in your life? # total","For each behavior below, please provide the requested information, and then rate them from 0 = Strongly Disagree to 4 = Strongly Agree - Bought expensive items you could not afford on the spur of the moment - How many times have you done this in the past month? # past month","For each behavior below, please provide the requested information, and then rate them from 0 = Strongly Disagree to 4 = Strongly Agree - Bought expensive items you could not afford on the spur of the moment - How old were you the first time? Age #","For each behavior below, please provide the requested information, and then rate them from 0 = Strongly Disagree to 4 = Strongly Agree - Bought expensive items you could not afford on the spur of the moment - Did it ever cause you any problems, such as going to the hospital, legal trouble, problems at work, with friends or family. Y/N","For each behavior below, please provide the requested information, and then rate them from 0 = Strongly Disagree to 4 = Strongly Agree - Bought expensive items you could not afford on the spur of the moment - I do this behavior to stop feeling upset, distressed, or overwhelmed. Rate 0-4","For each behavior below, please provide the requested information, and then rate them from 0 = Strongly Disagree to 4 = Strongly Agree - Bought expensive items you could not afford on the spur of the moment - I do this behavior to feel excitement, to get a thrill, or to feel pleasure. Rate 0-4","For each behavior below, please provide the requested information, and then rate them from 0 = Strongly Disagree to 4 = Strongly Agree - Abused multiple drugs at once - How many times total have you done this in your life? # total","For each behavior below, please provide the requested information, and then rate them from 0 = Strongly Disagree to 4 = Strongly Agree - Abused multiple drugs at once - How many times have you done this in the past month? # past month","For each behavior below, please provide the requested information, and then rate them from 0 = Strongly Disagree to 4 = Strongly Agree - Abused multiple drugs at once - How old were you the first time? Age #","For each behavior below, please provide the requested information, and then rate them from 0 = Strongly Disagree to 4 = Strongly Agree - Abused multiple drugs at once - Did it ever cause you any problems, such as going to the hospital, legal trouble, problems at work, with friends or family. Y/N","For each behavior below, please provide the requested information, and then rate them from 0 = Strongly Disagree to 4 = Strongly Agree - Abused multiple drugs at once - I do this behavior to stop feeling upset, distressed, or overwhelmed. Rate 0-4","For each behavior below, please provide the requested information, and then rate them from 0 = Strongly Disagree to 4 = Strongly Agree - Abused multiple drugs at once - I do this behavior to feel excitement, to get a thrill, or to feel pleasure. Rate 0-4","For each behavior below, please provide the requested information, and then rate them from 0 = Strongly Disagree to 4 = Strongly Agree - Played lotteries, card games for money, or went to the casino - How many times total have you done this in your life? # total","For each behavior below, please provide the requested information, and then rate them from 0 = Strongly Disagree to 4 = Strongly Agree - Played lotteries, card games for money, or went to the casino - How many times have you done this in the past month? # past month","For each behavior below, please provide the requested information, and then rate them from 0 = Strongly Disagree to 4 = Strongly Agree - Played lotteries, card games for money, or went to the casino - How old were you the first time? Age #","For each behavior below, please provide the requested information, and then rate them from 0 = Strongly Disagree to 4 = Strongly Agree - Played lotteries, card games for money, or went to the casino - Did it ever cause you any problems, such as going to the hospital, legal trouble, problems at work, with friends or family. Y/N","For each behavior below, please provide the requested information, and then rate them from 0 = Strongly Disagree to 4 = Strongly Agree - Played lotteries, card games for money, or went to the casino - I do this behavior to stop feeling upset, distressed, or overwhelmed. Rate 0-4","For each behavior below, please provide the requested information, and then rate them from 0 = Strongly Disagree to 4 = Strongly Agree - Played lotteries, card games for money, or went to the casino - I do this behavior to feel excitement, to get a thrill, or to feel pleasure. Rate 0-4","For each behavior below, please provide the requested information, and then rate them from 0 = Strongly Disagree to 4 = Strongly Agree - Gambled illegally (not part of a legal business, using a bookie) - How many times total have you done this in your life? # total","For each behavior below, please provide the requested information, and then rate them from 0 = Strongly Disagree to 4 = Strongly Agree - Gambled illegally (not part of a legal business, using a bookie) - How many times have you done this in the past month? # past month","For each behavior below, please provide the requested information, and then rate them from 0 = Strongly Disagree to 4 = Strongly Agree - Gambled illegally (not part of a legal business, using a bookie) - How old were you the first time? Age #","For each behavior below, please provide the requested information, and then rate them from 0 = Strongly Disagree to 4 = Strongly Agree - Gambled illegally (not part of a legal business, using a bookie) - Did it ever cause you any problems, such as going to the hospital, legal trouble, problems at work, with friends or family. Y/N","For each behavior below, please provide the requested information, and then rate them from 0 = Strongly Disagree to 4 = Strongly Agree - Gambled illegally (not part of a legal business, using a bookie) - I do this behavior to stop feeling upset, distressed, or overwhelmed. Rate 0-4","For each behavior below, please provide the requested information, and then rate them from 0 = Strongly Disagree to 4 = Strongly Agree - Gambled illegally (not part of a legal business, using a bookie) - I do this behavior to feel excitement, to get a thrill, or to feel pleasure. Rate 0-4","For each behavior below, please provide the requested information, and then rate them from 0 = Strongly Disagree to 4 = Strongly Agree - Abused prescription medication - How many times total have you done this in your life? # total","For each behavior below, please provide the requested information, and then rate them from 0 = Strongly Disagree to 4 = Strongly Agree - Abused prescription medication - How many times have you done this in the past month? # past month","For each behavior below, please provide the requested information, and then rate them from 0 = Strongly Disagree to 4 = Strongly Agree - Abused prescription medication - How old were you the first time? Age #","For each behavior below, please provide the requested information, and then rate them from 0 = Strongly Disagree to 4 = Strongly Agree - Abused prescription medication - Did it ever cause you any problems, such as going to the hospital, legal trouble, problems at work, with friends or family. Y/N","For each behavior below, please provide the requested information, and then rate them from 0 = Strongly Disagree to 4 = Strongly Agree - Abused prescription medication - I do this behavior to stop feeling upset, distressed, or overwhelmed. Rate 0-4","For each behavior below, please provide the requested information, and then rate them from 0 = Strongly Disagree to 4 = Strongly Agree - Abused prescription medication - I do this behavior to feel excitement, to get a thrill, or to feel pleasure. Rate 0-4","For each behavior below, please provide the requested information, and then rate them from 0 = Strongly Disagree to 4 = Strongly Agree - Ate a lot of food when not hungry - How many times total have you done this in your life? # total","For each behavior below, please provide the requested information, and then rate them from 0 = Strongly Disagree to 4 = Strongly Agree - Ate a lot of food when not hungry - How many times have you done this in the past month? # past month","For each behavior below, please provide the requested information, and then rate them from 0 = Strongly Disagree to 4 = Strongly Agree - Ate a lot of food when not hungry - How old were you the first time? Age #","For each behavior below, please provide the requested information, and then rate them from 0 = Strongly Disagree to 4 = Strongly Agree - Ate a lot of food when not hungry - Did it ever cause you any problems, such as going to the hospital, legal trouble, problems at work, with friends or family. Y/N","For each behavior below, please provide the requested information, and then rate them from 0 = Strongly Disagree to 4 = Strongly Agree - Ate a lot of food when not hungry - I do this behavior to stop feeling upset, distressed, or overwhelmed. Rate 0-4","For each behavior below, please provide the requested information, and then rate them from 0 = Strongly Disagree to 4 = Strongly Agree - Ate a lot of food when not hungry - I do this behavior to feel excitement, to get a thrill, or to feel pleasure. Rate 0-4","For each behavior below, please provide the requested information, and then rate them from 0 = Strongly Disagree to 4 = Strongly Agree - Had a plan to kill yourself - How many times total have you done this in your life? # total","For each behavior below, please provide the requested information, and then rate them from 0 = Strongly Disagree to 4 = Strongly Agree - Had a plan to kill yourself - How many times have you done this in the past month? # past month","For each behavior below, please provide the requested information, and then rate them from 0 = Strongly Disagree to 4 = Strongly Agree - Had a plan to kill yourself - How old were you the first time? Age #","For each behavior below, please provide the requested information, and then rate them from 0 = Strongly Disagree to 4 = Strongly Agree - Had a plan to kill yourself - Did it ever cause you any problems, such as going to the hospital, legal trouble, problems at work, with friends or family. Y/N","For each behavior below, please provide the requested information, and then rate them from 0 = Strongly Disagree to 4 = Strongly Agree - Had a plan to kill yourself - I do this behavior to stop feeling upset, distressed, or overwhelmed. Rate 0-4","For each behavior below, please provide the requested information, and then rate them from 0 = Strongly Disagree to 4 = Strongly Agree - Had a plan to kill yourself - I do this behavior to feel excitement, to get a thrill, or to feel pleasure. Rate 0-4","For each behavior below, please provide the requested information, and then rate them from 0 = Strongly Disagree to 4 = Strongly Agree - Ran red lights or ignored stop signs - How many times total have you done this in your life? # total","For each behavior below, please provide the requested information, and then rate them from 0 = Strongly Disagree to 4 = Strongly Agree - Ran red lights or ignored stop signs - How many times have you done this in the past month? # past month","For each behavior below, please provide the requested information, and then rate them from 0 = Strongly Disagree to 4 = Strongly Agree - Ran red lights or ignored stop signs - How old were you the first time? Age #","For each behavior below, please provide the requested information, and then rate them from 0 = Strongly Disagree to 4 = Strongly Agree - Ran red lights or ignored stop signs - Did it ever cause you any problems, such as going to the hospital, legal trouble, problems at work, with friends or family. Y/N","For each behavior below, please provide the requested information, and then rate them from 0 = Strongly Disagree to 4 = Strongly Agree - Ran red lights or ignored stop signs - I do this behavior to stop feeling upset, distressed, or overwhelmed. Rate 0-4","For each behavior below, please provide the requested information, and then rate them from 0 = Strongly Disagree to 4 = Strongly Agree - Ran red lights or ignored stop signs - I do this behavior to feel excitement, to get a thrill, or to feel pleasure. Rate 0-4","For each behavior below, please provide the requested information, and then rate them from 0 = Strongly Disagree to 4 = Strongly Agree - Stole money - How many times total have you done this in your life? # total","For each behavior below, please provide the requested information, and then rate them from 0 = Strongly Disagree to 4 = Strongly Agree - Stole money - How many times have you done this in the past month? # past month","For each behavior below, please provide the requested information, and then rate them from 0 = Strongly Disagree to 4 = Strongly Agree - Stole money - How old were you the first time? Age #","For each behavior below, please provide the requested information, and then rate them from 0 = Strongly Disagree to 4 = Strongly Agree - Stole money - Did it ever cause you any problems, such as going to the hospital, legal trouble, problems at work, with friends or family. Y/N","For each behavior below, please provide the requested information, and then rate them from 0 = Strongly Disagree to 4 = Strongly Agree - Stole money - I do this behavior to stop feeling upset, distressed, or overwhelmed. Rate 0-4","For each behavior below, please provide the requested information, and then rate them from 0 = Strongly Disagree to 4 = Strongly Agree - Stole money - I do this behavior to feel excitement, to get a thrill, or to feel pleasure. Rate 0-4",Item 1,Item 2,Item 3,Item 4,Item 5,Item 6,Item 7,Item 8,Item 9,Item 10,Item 11,Item 12,Item 13,Item 14,Item 15,Select True if you are reading this.,Item 16,Item 17,Item 18,Item 19,Item 20,Item 21,Item 22,Item 23,Item 24,Item 25,Item 26,Item 27,Item 28,Item 29,sub_ID,Create New Field or Choose From Dropdown...,dem_ID
"{""ImportId"":""startDate"",""timeZone"":""America/Denver""}","{""ImportId"":""endDate"",""timeZone"":""America/Denver""}","{""ImportId"":""status""}","{""ImportId"":""ipAddress""}","{""ImportId"":""progress""}","{""ImportId"":""duration""}","{""ImportId"":""finished""}","{""ImportId"":""recordedDate"",""timeZone"":""America/Denver""}","{""ImportId"":""_recordId""}","{""ImportId"":""recipientLastName""}","{""ImportId"":""recipientFirstName""}","{""ImportId"":""recipientEmail""}","{""ImportId"":""externalDataReference""}","{""ImportId"":""locationLatitude""}","{""ImportId"":""locationLongitude""}","{""ImportId"":""distributionChannel""}","{""ImportId"":""userLanguage""}","{""ImportId"":""QID378""}","{""ImportId"":""QID597""}","{""ImportId"":""QID599""}","{""ImportId"":""QID370_TEXT""}","{""ImportId"":""QID371""}","{""ImportId"":""QID372""}","{""ImportId"":""QID501""}","{""ImportId"":""QID373""}","{""ImportId"":""QID9""}","{""ImportId"":""QID10""}","{""ImportId"":""QID12""}","{""ImportId"":""QID13""}","{""ImportId"":""QID15""}","{""ImportId"":""QID16""}","{""ImportId"":""QID18""}","{""ImportId"":""QID19""}","{""ImportId"":""QID21""}","{""ImportId"":""QID22""}","{""ImportId"":""QID24""}","{""ImportId"":""QID25""}","{""ImportId"":""QID27""}","{""ImportId"":""QID28""}","{""ImportId"":""QID30""}","{""ImportId"":""QID31""}","{""ImportId"":""QID199""}","{""ImportId"":""QID200""}","{""ImportId"":""QID201""}","{""ImportId"":""QID202""}","{""ImportId"":""QID203""}","{""ImportId"":""QID204""}","{""ImportId"":""QID205""}","{""ImportId"":""QID206""}","{""ImportId"":""QID207""}","{""ImportId"":""QID208""}","{""ImportId"":""QID500""}","{""ImportId"":""QID326""}","{""ImportId"":""QID327""}","{""ImportId"":""QID328""}","{""ImportId"":""QID329""}","{""ImportId"":""QID330""}","{""ImportId"":""QID331""}","{""ImportId"":""QID332""}","{""ImportId"":""QID333""}","{""ImportId"":""QID334""}","{""ImportId"":""QID335""}","{""ImportId"":""QID336""}","{""ImportId"":""QID337""}","{""ImportId"":""QID338""}","{""ImportId"":""QID339""}","{""ImportId"":""QID340""}","{""ImportId"":""QID341""}","{""ImportId"":""QID342""}","{""ImportId"":""QID343""}","{""ImportId"":""QID344""}","{""ImportId"":""QID345""}","{""ImportId"":""QID292""}","{""ImportId"":""QID600""}","{""ImportId"":""QID301""}","{""ImportId"":""QID300""}","{""ImportId"":""QID299""}","{""ImportId"":""QID298""}","{""ImportId"":""QID502""}","{""ImportId"":""QID297""}","{""ImportId"":""QID296""}","{""ImportId"":""QID295""}","{""ImportId"":""QID294""}","{""ImportId"":""QID293""}","{""ImportId"":""QID256""}","{""ImportId"":""QID257""}","{""ImportId"":""QID259""}","{""ImportId"":""QID260""}","{""ImportId"":""QID261""}","{""ImportId"":""QID262""}","{""ImportId"":""QID263""}","{""ImportId"":""QID264""}","{""ImportId"":""QID265""}","{""ImportId"":""QID266""}","{""ImportId"":""QID267""}","{""ImportId"":""QID268""}","{""ImportId"":""QID269""}","{""ImportId"":""QID270""}","{""ImportId"":""QID271""}","{""ImportId"":""QID272""}","{""ImportId"":""QID273""}","{""ImportId"":""QID274""}","{""ImportId"":""QID275""}","{""ImportId"":""QID276""}","{""ImportId"":""QID277""}","{""ImportId"":""QID278""}","{""ImportId"":""QID279""}","{""ImportId"":""QID559_1_19""}","{""ImportId"":""QID559_1_20""}","{""ImportId"":""QID559_1_21""}","{""ImportId"":""QID559_1_22""}","{""ImportId"":""QID559_1_23""}","{""ImportId"":""QID559_1_24""}","{""ImportId"":""QID559_40_19""}","{""ImportId"":""QID559_40_20""}","{""ImportId"":""QID559_40_21""}","{""ImportId"":""QID559_40_22""}","{""ImportId"":""QID559_40_23""}","{""ImportId"":""QID559_40_24""}","{""ImportId"":""QID559_41_19""}","{""ImportId"":""QID559_41_20""}","{""ImportId"":""QID559_41_21""}","{""ImportId"":""QID559_41_22""}","{""ImportId"":""QID559_41_23""}","{""ImportId"":""QID559_41_24""}","{""ImportId"":""QID559_42_19""}","{""ImportId"":""QID559_42_20""}","{""ImportId"":""QID559_42_21""}","{""ImportId"":""QID559_42_22""}","{""ImportId"":""QID559_42_23""}","{""ImportId"":""QID559_42_24""}","{""ImportId"":""QID559_43_19""}","{""ImportId"":""QID559_43_20""}","{""ImportId"":""QID559_43_21""}","{""ImportId"":""QID559_43_22""}","{""ImportId"":""QID559_43_23""}","{""ImportId"":""QID559_43_24""}","{""ImportId"":""QID559_44_19""}","{""ImportId"":""QID559_44_20""}","{""ImportId"":""QID559_44_21""}","{""ImportId"":""QID559_44_22""}","{""ImportId"":""QID559_44_23""}","{""ImportId"":""QID559_44_24""}","{""ImportId"":""QID559_45_19""}","{""ImportId"":""QID559_45_20""}","{""ImportId"":""QID559_45_21""}","{""ImportId"":""QID559_45_22""}","{""ImportId"":""QID559_45_23""}","{""ImportId"":""QID559_45_24""}","{""ImportId"":""QID559_46_19""}","{""ImportId"":""QID559_46_20""}","{""ImportId"":""QID559_46_21""}","{""ImportId"":""QID559_46_22""}","{""ImportId"":""QID559_46_23""}","{""ImportId"":""QID559_46_24""}","{""ImportId"":""QID559_47_19""}","{""ImportId"":""QID559_47_20""}","{""ImportId"":""QID559_47_21""}","{""ImportId"":""QID559_47_22""}","{""ImportId"":""QID559_47_23""}","{""ImportId"":""QID559_47_24""}","{""ImportId"":""QID559_48_19""}","{""ImportId"":""QID559_48_20""}","{""ImportId"":""QID559_48_21""}","{""ImportId"":""QID559_48_22""}","{""ImportId"":""QID559_48_23""}","{""ImportId"":""QID559_48_24""}","{""ImportId"":""QID560_1_19""}","{""ImportId"":""QID560_1_20""}","{""ImportId"":""QID560_1_21""}","{""ImportId"":""QID560_1_22""}","{""ImportId"":""QID560_1_23""}","{""ImportId"":""QID560_1_24""}","{""ImportId"":""QID560_49_19""}","{""ImportId"":""QID560_49_20""}","{""ImportId"":""QID560_49_21""}","{""ImportId"":""QID560_49_22""}","{""ImportId"":""QID560_49_23""}","{""ImportId"":""QID560_49_24""}","{""ImportId"":""QID560_40_19""}","{""ImportId"":""QID560_40_20""}","{""ImportId"":""QID560_40_21""}","{""ImportId"":""QID560_40_22""}","{""ImportId"":""QID560_40_23""}","{""ImportId"":""QID560_40_24""}","{""ImportId"":""QID560_41_19""}","{""ImportId"":""QID560_41_20""}","{""ImportId"":""QID560_41_21""}","{""ImportId"":""QID560_41_22""}","{""ImportId"":""QID560_41_23""}","{""ImportId"":""QID560_41_24""}","{""ImportId"":""QID560_42_19""}","{""ImportId"":""QID560_42_20""}","{""ImportId"":""QID560_42_21""}","{""ImportId"":""QID560_42_22""}","{""ImportId"":""QID560_42_23""}","{""ImportId"":""QID560_42_24""}","{""ImportId"":""QID560_43_19""}","{""ImportId"":""QID560_43_20""}","{""ImportId"":""QID560_43_21""}","{""ImportId"":""QID560_43_22""}","{""ImportId"":""QID560_43_23""}","{""ImportId"":""QID560_43_24""}","{""ImportId"":""QID560_44_19""}","{""ImportId"":""QID560_44_20""}","{""ImportId"":""QID560_44_21""}","{""ImportId"":""QID560_44_22""}","{""ImportId"":""QID560_44_23""}","{""ImportId"":""QID560_44_24""}","{""ImportId"":""QID560_45_19""}","{""ImportId"":""QID560_45_20""}","{""ImportId"":""QID560_45_21""}","{""ImportId"":""QID560_45_22""}","{""ImportId"":""QID560_45_23""}","{""ImportId"":""QID560_45_24""}","{""ImportId"":""QID560_46_19""}","{""ImportId"":""QID560_46_20""}","{""ImportId"":""QID560_46_21""}","{""ImportId"":""QID560_46_22""}","{""ImportId"":""QID560_46_23""}","{""ImportId"":""QID560_46_24""}","{""ImportId"":""QID560_47_19""}","{""ImportId"":""QID560_47_20""}","{""ImportId"":""QID560_47_21""}","{""ImportId"":""QID560_47_22""}","{""ImportId"":""QID560_47_23""}","{""ImportId"":""QID560_47_24""}","{""ImportId"":""QID561_1_19""}","{""ImportId"":""QID561_1_20""}","{""ImportId"":""QID561_1_21""}","{""ImportId"":""QID561_1_22""}","{""ImportId"":""QID561_1_23""}","{""ImportId"":""QID561_1_24""}","{""ImportId"":""QID561_49_19""}","{""ImportId"":""QID561_49_20""}","{""ImportId"":""QID561_49_21""}","{""ImportId"":""QID561_49_22""}","{""ImportId"":""QID561_49_23""}","{""ImportId"":""QID561_49_24""}","{""ImportId"":""QID561_50_19""}","{""ImportId"":""QID561_50_20""}","{""ImportId"":""QID561_50_21""}","{""ImportId"":""QID561_50_22""}","{""ImportId"":""QID561_50_23""}","{""ImportId"":""QID561_50_24""}","{""ImportId"":""QID561_40_19""}","{""ImportId"":""QID561_40_20""}","{""ImportId"":""QID561_40_21""}","{""ImportId"":""QID561_40_22""}","{""ImportId"":""QID561_40_23""}","{""ImportId"":""QID561_40_24""}","{""ImportId"":""QID561_41_19""}","{""ImportId"":""QID561_41_20""}","{""ImportId"":""QID561_41_21""}","{""ImportId"":""QID561_41_22""}","{""ImportId"":""QID561_41_23""}","{""ImportId"":""QID561_41_24""}","{""ImportId"":""QID561_42_19""}","{""ImportId"":""QID561_42_20""}","{""ImportId"":""QID561_42_21""}","{""ImportId"":""QID561_42_22""}","{""ImportId"":""QID561_42_23""}","{""ImportId"":""QID561_42_24""}","{""ImportId"":""QID561_43_19""}","{""ImportId"":""QID561_43_20""}","{""ImportId"":""QID561_43_21""}","{""ImportId"":""QID561_43_22""}","{""ImportId"":""QID561_43_23""}","{""ImportId"":""QID561_43_24""}","{""ImportId"":""QID561_44_19""}","{""ImportId"":""QID561_44_20""}","{""ImportId"":""QID561_44_21""}","{""ImportId"":""QID561_44_22""}","{""ImportId"":""QID561_44_23""}","{""ImportId"":""QID561_44_24""}","{""ImportId"":""QID561_45_19""}","{""ImportId"":""QID561_45_20""}","{""ImportId"":""QID561_45_21""}","{""ImportId"":""QID561_45_22""}","{""ImportId"":""QID561_45_23""}","{""ImportId"":""QID561_45_24""}","{""ImportId"":""QID561_46_19""}","{""ImportId"":""QID561_46_20""}","{""ImportId"":""QID561_46_21""}","{""ImportId"":""QID561_46_22""}","{""ImportId"":""QID561_46_23""}","{""ImportId"":""QID561_46_24""}","{""ImportId"":""QID562_1_19""}","{""ImportId"":""QID562_1_20""}","{""ImportId"":""QID562_1_21""}","{""ImportId"":""QID562_1_22""}","{""ImportId"":""QID562_1_23""}","{""ImportId"":""QID562_1_24""}","{""ImportId"":""QID562_49_19""}","{""ImportId"":""QID562_49_20""}","{""ImportId"":""QID562_49_21""}","{""ImportId"":""QID562_49_22""}","{""ImportId"":""QID562_49_23""}","{""ImportId"":""QID562_49_24""}","{""ImportId"":""QID562_50_19""}","{""ImportId"":""QID562_50_20""}","{""ImportId"":""QID562_50_21""}","{""ImportId"":""QID562_50_22""}","{""ImportId"":""QID562_50_23""}","{""ImportId"":""QID562_50_24""}","{""ImportId"":""QID562_40_19""}","{""ImportId"":""QID562_40_20""}","{""ImportId"":""QID562_40_21""}","{""ImportId"":""QID562_40_22""}","{""ImportId"":""QID562_40_23""}","{""ImportId"":""QID562_40_24""}","{""ImportId"":""QID562_41_19""}","{""ImportId"":""QID562_41_20""}","{""ImportId"":""QID562_41_21""}","{""ImportId"":""QID562_41_22""}","{""ImportId"":""QID562_41_23""}","{""ImportId"":""QID562_41_24""}","{""ImportId"":""QID562_42_19""}","{""ImportId"":""QID562_42_20""}","{""ImportId"":""QID562_42_21""}","{""ImportId"":""QID562_42_22""}","{""ImportId"":""QID562_42_23""}","{""ImportId"":""QID562_42_24""}","{""ImportId"":""QID562_43_19""}","{""ImportId"":""QID562_43_20""}","{""ImportId"":""QID562_43_21""}","{""ImportId"":""QID562_43_22""}","{""ImportId"":""QID562_43_23""}","{""ImportId"":""QID562_43_24""}","{""ImportId"":""QID562_44_19""}","{""ImportId"":""QID562_44_20""}","{""ImportId"":""QID562_44_21""}","{""ImportId"":""QID562_44_22""}","{""ImportId"":""QID562_44_23""}","{""ImportId"":""QID562_44_24""}","{""ImportId"":""QID567""}","{""ImportId"":""QID568""}","{""ImportId"":""QID569""}","{""ImportId"":""QID570""}","{""ImportId"":""QID571""}","{""ImportId"":""QID572""}","{""ImportId"":""QID573""}","{""ImportId"":""QID574""}","{""ImportId"":""QID575""}","{""ImportId"":""QID576""}","{""ImportId"":""QID577""}","{""ImportId"":""QID578""}","{""ImportId"":""QID579""}","{""ImportId"":""QID580""}","{""ImportId"":""QID581""}","{""ImportId"":""QID601""}","{""ImportId"":""QID582""}","{""ImportId"":""QID583""}","{""ImportId"":""QID584""}","{""ImportId"":""QID585""}","{""ImportId"":""QID586""}","{""ImportId"":""QID587""}","{""ImportId"":""QID588""}","{""ImportId"":""QID589""}","{""ImportId"":""QID590""}","{""ImportId"":""QID591""}","{""ImportId"":""QID592""}","{""ImportId"":""QID593""}","{""ImportId"":""QID594""}","{""ImportId"":""QID595""}","{""ImportId"":""sub_ID""}","{""ImportId"":""Create New Field or Choose From Dropdown...""}","{""ImportId"":""dem_ID""}"
9/11/25 8:54,9/11/25 9:59,0,192.160.131.144,100,3907,1,9/11/25 9:59,R_5qkCHZvPpK7xE46,,,,,40.7244,-73.6484,anonymous,EN,,,1,20,2,1,2,4,5,4,4,5,3,3,4,6,3,4,3,6,3,5,6,1,4,4,4,2,2,2,2,1,3,3,0,5,3,6,1,5,1,3,6,5,6,4,4,4,3,4,5,4,3,4,2,4,3,4,1,5,5,4,2,4,5,4,4,5,7,1,2,1,7,6,2,1,7,5,6,1,1,7,5,1,5,7,1,5,7,5,1,0,9,N,2,1,0,0,0,N,0,0,0,0,0,N,0,0,0,0,0,N,0,0,0,0,0,N,0,0,100,4,13,N,4,4,0,0,0,N,0,0,0,0,0,N,0,0,30,0,12,N,0,0,0,0,0,N,0,0,0,0,0,N,0,0,0,0,0,N,0,0,0,0,0,N,0,0,0,0,0,N,0,0,1,0,0,N,4,0,0,0,0,N,0,0,0,0,0,N,0,0,0,0,0,N,0,0,0,0,0,N,0,0,0,0,0,N,0,0,0,0,0,N,0,0,0,0,0,N,0,0,0,0,0,N,0,0,0,0,0,N,0,0,0,0,0,N,0,0,0,0,0,N,0,0,0,0,0,N,0,0,20,0,10,Y,0,0,0,0,0,N,0,0,1,0,20,Y,3,0,0,0,0,N,0,0,0,0,0,N,0,0,0,0,0,N,0,0,0,0,0,N,0,0,100,1,6,Y,3,3,0,0,0,N,0,0,0,0,0,N,0,0,0,0,0,N,0,0,0,1,0,1,1,1,1,0,0,0,1,1,0,0,0,2,1,1,0,0,1,0,0,0,0,1,1,0,0,0,102,,102
9/19/25 7:22,9/20/25 6:54,0,108.29.192.206,100,84693,1,9/20/25 6:54,R_1c8wTPzwQptQABl,,,,,40.7974,-73.4063,anonymous,EN,1,,1,21,2,1,1,2,3,3,3,6,5,6,2,2,2,3,2,6,6,5,4,2,2,1,3,3,3,2,3,2,1,2,0,3,4,3,2,3,2,4,2,4,2,4,5,3,3,2,4,4,2,4,2,4,3,2,2,4,3,4,3,2,2,2,2,6,7,2,6,2,6,5,2,1,6,4,1,1,2,6,6,1,5,7,1,1,6,2,0,0,0,N,0,0,200,5,19,N,0,3,0,0,0,N,0,0,0,0,0,N,0,0,0,0,0,N,0,0,10,0,12,N,0,1,0,0,0,N,0,0,0,0,0,N,0,0,0,0,0,N,0,0,0,0,0,N,0,0,0,0,0,N,0,0,0,0,0,N,0,0,0,0,0,N,0,0,0,0,0,N,0,0,0,0,0,N,0,0,0,0,0,N,0,0,0,0,0,N,0,0,0,0,0,N,0,0,0,0,0,N,0,0,0,0,0,N,0,0,0,0,0,N,0,0,10,0,21,N,0,2,0,0,0,N,0,0,0,0,0,N,0,0,0,0,0,N,0,0,0,0,0,N,0,0,0,0,0,N,0,0,0,0,0,N,0,0,0,0,0,N,0,0,0,0,0,N,0,0,0,0,0,N,0,0,1,0,19,N,0,1,0,0,0,N,0,0,0,0,0,N,0,0,0,0,0,N,0,0,0,0,0,N,0,0,1,0,18,N,0,0,0,0,0,N,0,0,0,1,1,1,1,1,1,0,0,1,1,1,0,0,1,2,1,1,1,0,1,1,1,0,0,1,1,0,0,1,103,,103
9/20/25 10:12,9/20/25 10:27,0,172.56.166.107,100,882,1,9/20/25 10:27,R_6pJVeWXL2NnIBil,,,,,40.6764,-73.8753,anonymous,EN,1,,1,21,2,1,1,2,2,3,3,5,5,6,3,2,2,3,6,6,5,5,4,1,2,2,3,2,2,2,2,2,1,3,0,4,4,3,2,2,2,5,2,4,2,4,5,2,2,3,4,4,2,4,2,4,3,2,3,4,4,4,3,2,2,2,3,5,7,2,6,1,6,4,2,1,6,4,1,1,2,6,6,1,6,7,1,1,7,2,0,0,0,N,0,0,200,10,19,N,0,3,0,0,0,N,0,0,0,0,0,N,0,0,0,0,0,N,0,0,10,0,12,N,0,2,0,0,0,N,0,0,0,0,0,N,0,0,0,0,0,N,0,0,0,0,0,N,0,0,0,0,0,N,0,0,0,0,0,N,0,0,0,0,0,N,0,0,0,0,0,N,0,0,0,0,0,N,0,0,0,0,0,N,0,0,0,0,0,N,0,0,0,0,0,N,0,0,0,0,0,N,0,0,0,0,0,N,0,0,0,0,0,N,0,0,10,0,21,N,0,3,0,0,0,N,0,0,0,0,0,N,0,0,0,0,0,N,0,0,0,0,0,N,0,0,0,0,0,N,0,0,0,0,0,N,0,0,0,0,0,N,0,0,0,0,0,N,0,0,0,0,0,N,0,0,1,0,18,N,0,1,0,0,0,N,0,0,0,0,0,N,0,0,0,0,0,N,0,0,0,0,0,N,0,0,1,0,18,N,0,0,0,0,0,N,0,0,0,1,1,1,1,1,1,0,0,1,1,1,0,0,1,2,1,1,1,0,1,1,1,0,0,1,1,0,1,1,103,,103
9/20/25 7:41,9/20/25 7:46,0,108.29.192.206,9,275,0,9/27/25 7:46,R_7MQmczxESAj7gOC,,,,,40.7637,-73.7695,anonymous,EN,1,,1,21,2,1,1,2,,,,,,,,,,,,,,,,,,,,,,,,,,,,,,,,,,,,,,,,,,,,,,,,,,,,,,,,,,,,,,,,,,,,,,,,,,,,,,,,,,,,,,,,,,,,,,,,,,,,,,,,,,,,,,,,,,,,,,,,,,,,,,,,,,,,,,,,,,,,,,,,,,,,,,,,,,,,,,,,,,,,,,,,,,,,,,,,,,,,,,,,,,,,,,,,,,,,,,,,,,,,,,,,,,,,,,,,,,,,,,,,,,,,,,,,,,,,,,,,,,,,,,,,,,,,,,,,,,,,,,,,,,,,,,,,,,,,,,,,,,,,,,,,,,,,,,,,,,,,,,,,,,,,,,,,,,,,,,,,,,,,,,,,,,,,,,,,,,,,,103,,103